"outcome","max_abs_delta"
"MLB",0.0763525018590208
"Retire",0.086600078924699
